Customer_Name,recency,frequency,monetary,r_score,f_score,m_score,rfm_total_score
"Jennifer Thompson",208,1,2.58,2,1,1,4
"Isabella Laurent",620,1,3.42,4,3,1,8
"Sophie Johansson",441,1,4.14,3,2,1,6
"Karen Martinez",1062,1,4.3,5,4,1,10
"Felix Hassan",932,1,5.68,5,4,1,10
"Ingrid Santos",376,1,6.13,3,2,1,6
"Susan Garcia",235,1,6.24,2,1,1,4
"James Ali",399,1,6.25,3,2,1,6
"Lucas White",910,1,6.29,5,4,1,10
"Ethan Yamamoto",850,1,6.44,5,3,1,9
"Giulia Dubois",907,1,6.62,5,4,1,10
"Hans Wang",56,1,6.66,1,1,1,3
"Zara Moreau",819,1,6.83,5,3,1,9
"Yuki Thompson",565,1,6.93,4,3,1,8
"Sarah Smith",263,1,7.02,2,1,1,4
"Ahmed Tanaka",410,1,7.03,3,2,1,6
"Raj Costa",1074,1,7.26,5,4,1,10
"Nadia Romano",653,1,7.66,4,3,1,8
"Amir Dubois",104,1,7.95,1,1,1,3
"Giulia Garcia",86,1,8.33,1,1,1,3
"Wei Khan",443,1,8.54,3,2,1,6
"Sophie Johnson",248,1,8.55,2,1,1,4
"Richard Li",942,1,8.57,5,4,1,10
"Maria Laurent",1058,1,8.67,5,4,1,10
"Liam Costa",755,1,8.72,4,3,1,8
"Michael Oliveira",152,1,8.78,1,1,1,3
"Mary Jackson",26,1,8.96,1,1,1,3
"Giulia Leroy",1059,1,8.96,5,4,1,10
"Raj Khan",756,1,9.12,4,3,1,8
"Marco Kim",347,1,9.18,2,2,1,5
"Olivia Laurent",756,1,9.23,4,3,1,8
"Xiao Johansson",17,1,9.32,1,1,1,3
"Olivia Schmidt",179,1,9.44,2,1,1,4
"Richard Martinez",25,1,9.89,1,1,1,3
"Lucas Leroy",831,1,9.94,5,3,1,9
"Noah Santos",905,1,10.06,5,4,1,10
"William Smith",662,1,10.33,4,3,1,8
"Amina Sharma",132,1,10.91,1,1,1,3
"Amina Anderson",193,1,11.03,2,1,1,4
"Ahmed Smith",309,1,11.15,2,2,1,5
"Maria Müller",298,1,11.23,2,2,1,5
"Amir Wang",633,1,11.3,4,3,1,8
"Fatima Kim",797,1,11.38,4,3,1,8
"Jennifer Brown",70,1,11.45,1,1,1,3
"Zara Smith",745,1,11.71,4,3,1,8
"Diego Nilsson",728,1,11.89,4,3,1,8
"Pierre Smith",472,1,12.16,3,2,1,6
"Ingrid Yamamoto",391,1,12.35,3,2,1,6
"Ingrid White",474,1,12.55,3,2,1,6
"Patricia Khan",688,1,12.56,4,3,1,8
"Yuki Zhang",851,1,12.77,5,3,1,9
"Noah Thomas",42,1,12.78,1,1,1,3
"Jessica Thomas",48,1,12.86,1,1,1,3
"Ali Dubois",615,1,12.87,4,3,1,8
"Sakura Garcia",469,1,12.88,3,2,1,6
"Ivan Romano",439,1,13,3,2,1,6
"Olga Ali",265,1,13.24,2,1,1,4
"Ivan Martin",403,1,13.3,3,2,1,6
"Zara Hassan",437,1,13.36,3,2,1,6
"Ivan Park",387,1,13.38,3,2,1,6
"Michael Zhang",1055,1,13.39,5,4,1,10
"Noah Hassan",513,1,13.5,3,2,1,6
"Felix Moreau",1041,1,13.7,5,4,1,10
"Joseph Ali",410,1,14.19,3,2,1,6
"David White",753,1,14.32,4,3,1,8
"Karen Patel",149,1,14.45,1,1,1,3
"Emma Laurent",31,1,14.55,1,1,1,3
"Isabella Tanaka",340,1,14.69,2,2,1,5
"Hanna Kim",582,1,14.73,4,3,1,8
"Hans Oliveira",128,1,14.83,1,1,1,3
"Nadia Martinez",447,1,14.85,3,2,1,6
"Diego Hassan",770,1,14.93,4,3,1,8
"Noah Fischer",99,1,15.04,1,1,1,3
"Felix Fischer",73,1,15.05,1,1,1,3
"Sophie Zhang",51,1,15.08,1,1,1,3
"Linda Laurent",788,1,15.15,4,3,1,8
"Thomas Tanaka",315,1,15.32,2,2,1,5
"Olga Li",499,1,15.61,3,2,1,6
"James Taylor",894,1,15.61,5,4,1,10
"Pierre Garcia",255,1,15.62,2,1,1,4
"Mary Russo",701,1,15.66,4,3,1,8
"Zara Brown",1084,1,15.82,5,4,1,10
"Layla Zhang",514,1,15.84,3,2,1,6
"Michael Schmidt",541,1,15.86,3,2,1,6
"Robert Sato",9,1,16.06,1,1,1,3
"Christopher Ahmed",229,1,16.15,2,1,1,4
"Chen Khan",185,1,16.16,2,1,1,4
"William Garcia",197,1,16.16,2,1,1,4
"Hans Ferrari",191,1,16.31,2,1,1,4
"Oscar Costa",768,1,16.43,4,3,1,8
"Clara Nilsson",902,1,16.48,5,4,1,10
"Christopher Fischer",426,1,16.58,3,2,1,6
"Ali Romano",772,1,16.66,4,3,1,8
"Ayumi Moreau",546,1,16.8,3,2,1,6
"Nadia Taylor",452,1,16.82,3,2,1,6
"Lucas Jones",890,1,16.91,5,4,1,10
"Li Yamamoto",978,1,16.95,5,4,1,10
"Xiao Smith",888,1,17.02,5,4,1,10
"Sarah Hassan",213,1,17.12,2,1,1,4
"Hanna Brown",655,1,17.14,4,3,1,8
"Giulia Singh",292,1,17.18,2,2,1,5
"Ava Li",752,1,17.47,4,3,1,8
"Elizabeth Garcia",79,1,17.49,1,1,1,3
"Isabella Taylor",855,1,17.66,5,3,1,9
"Raj Singh",737,1,17.86,4,3,1,8
"Michael Martin",920,1,17.95,5,4,1,10
"David Chen",254,1,18.14,2,1,1,4
"Raj Anderson",778,1,18.14,4,3,1,8
"Giulia Pereira",873,1,18.19,5,4,1,10
"Isabella Yamamoto",638,1,18.2,4,3,1,8
"Xiao Harris",765,1,18.28,4,3,1,8
"Zara Chen",625,1,18.5,4,3,1,8
"Felix Johansson",1047,1,18.57,5,4,1,10
"Priya Sato",427,1,18.61,3,2,1,6
"William Martin",126,1,18.64,1,1,1,3
"Olga Miller",34,1,18.75,1,1,1,3
"Kenji Suzuki",868,1,18.91,5,3,1,9
"Joseph Johnson",887,1,18.96,5,4,1,10
"Ingrid Martin",493,1,19.03,3,2,1,6
"Isabella Kumar",919,1,19.19,5,4,1,10
"Jennifer Khan",719,1,19.48,4,3,1,8
"Ethan Clark",810,1,19.51,4,3,1,8
"Olga Patel",917,1,19.58,5,4,1,10
"Hanna Nilsson",228,1,19.62,2,1,1,4
"Clara Brown",161,1,19.73,1,1,1,3
"Carlos Yamamoto",472,1,20.04,3,2,1,6
"Clara Singh",627,1,20.08,4,3,1,8
"Amina Romano",535,1,20.12,3,2,1,6
"Amina Tanaka",214,1,20.23,2,1,1,4
"Jamal Leroy",862,1,20.48,5,3,1,9
"Robert Thompson",592,1,20.52,4,3,1,8
"Raj Chen",927,1,20.62,5,4,1,10
"Nadia Anderson",557,1,20.68,3,2,1,6
"Mia Ferrari",1014,1,20.74,5,4,1,10
"Yuki Chen",713,1,20.84,4,3,1,8
"Joseph Martin",38,1,20.92,1,1,1,3
"Ava Rodriguez",401,1,21,3,2,1,6
"Kenji Rossi",1089,1,21.06,5,4,1,10
"Felix Taylor",715,1,21.31,4,3,1,8
"Liam Zhang",195,1,21.34,2,1,1,4
"Amina Ali",870,1,21.34,5,3,1,9
"Mary Rodriguez",529,1,21.38,3,2,1,6
"Jamal Ferrari",1002,1,21.5,5,4,1,10
"William Hassan",937,1,21.86,5,4,1,10
"Priya Chen",972,1,21.87,5,4,1,10
"Zara Davis",367,1,22.05,3,2,1,6
"Chen Rossi",212,2,22.15,2,5,1,8
"Pierre Suzuki",30,1,22.39,1,1,1,3
"Ayumi Pereira",324,1,22.48,2,2,1,5
"Nadia Ahmed",117,1,22.62,1,1,1,3
"Hanna Martinez",16,1,22.64,1,1,1,3
"Felix Pereira",195,1,22.64,2,1,1,4
"Patricia Clark",674,1,22.66,4,3,1,8
"Hans Smith",848,1,22.68,5,3,1,9
"Joseph Singh",549,1,22.69,3,2,1,6
"Clara Fischer",45,1,22.8,1,1,1,3
"Barbara Johnson",383,1,22.8,3,2,1,6
"Omar Singh",860,1,22.84,5,3,1,9
"Jamal Wang",389,1,23.28,3,2,1,6
"Robert Smith",912,1,24.14,5,4,1,10
"Karen Jackson",1020,1,24.52,5,4,1,10
"Ivan Müller",483,1,24.6,3,2,1,6
"Emma Johansson",959,1,24.6,5,4,1,10
"Ava Martinez",1066,1,24.65,5,4,1,10
"Fatima Rossi",1036,1,24.66,5,4,1,10
"Isabella Schmidt",441,1,24.72,3,2,1,6
"Linda Müller",722,1,24.74,4,3,1,8
"Pierre Jones",462,1,24.89,3,2,1,6
"Susan Leroy",233,2,24.92,2,5,1,8
"Raj White",33,1,25.08,1,1,1,3
"Richard Garcia",631,1,25.2,4,3,1,8
"Zara Wang",83,1,25.37,1,1,1,3
"Liam Rossi",754,1,25.4,4,3,1,8
"Nadia Brown",960,1,25.6,5,4,1,10
"Thomas Li",933,1,25.63,5,4,1,10
"Yuki Suzuki",198,1,25.69,2,1,1,4
"Kenji Yamamoto",228,1,25.7,2,1,1,4
"Barbara Fischer",222,1,25.88,2,1,1,4
"Emma Sato",148,1,25.92,1,1,1,3
"Giulia Khan",820,1,25.92,5,3,1,9
"Clara Johnson",664,1,26.25,4,3,1,8
"Mia Johnson",154,1,26.43,1,1,1,3
"Jamal Kim",357,1,26.62,3,2,1,6
"Hans Zhang",264,1,26.73,2,1,1,4
"James Brown",587,1,26.97,4,3,1,8
"Fatima Wang",843,1,27,5,3,1,9
"Lucas Müller",406,1,27.06,3,2,1,6
"Diego Jones",791,1,27.49,4,3,1,8
"Ahmed Johnson",383,1,27.5,3,2,1,6
"James Sharma",1003,1,27.5,5,4,1,10
"Jennifer Nilsson",940,1,27.58,5,4,1,10
"Priya Zhang",1003,1,27.88,5,4,1,10
"Elizabeth Santos",171,1,28.3,2,1,1,4
"Thomas Miller",718,1,28.36,4,3,1,8
"Ayumi Martin",856,1,28.39,5,3,1,9
"Felix Rodriguez",1091,1,28.56,5,4,1,10
"William Zhang",228,1,28.62,2,1,1,4
"Liam Sharma",51,1,28.73,1,1,1,3
"Jessica Williams",483,1,28.81,3,2,1,6
"Ethan Santos",165,1,28.85,1,1,1,3
"Ahmed Weber",208,1,29.16,2,1,1,4
"Patricia Park",320,1,29.16,2,2,1,5
"Isabella Martin",1022,1,29.18,5,4,1,10
"Jennifer Zhang",386,1,29.27,3,2,1,6
"William Rodriguez",75,1,29.3,1,1,1,3
"Karen Zhang",872,1,29.63,5,4,1,10
"Xiao Sharma",240,1,29.71,2,1,1,4
"Sophie Rossi",246,1,29.71,2,1,1,4
"Emma Zhang",940,1,29.91,5,4,1,10
"Jessica Brown",242,1,30.04,2,1,1,4
"William Khan",224,1,30.06,2,1,1,4
"Omar Rodriguez",547,1,30.08,3,2,1,6
"Karen Khan",773,1,30.1,4,3,1,8
"Amir Singh",882,1,30.49,5,4,1,10
"Patricia Martinez",817,1,30.78,5,3,1,9
"Diego Anderson",749,1,31.05,4,3,1,8
"James Oliveira",406,1,31.2,3,2,1,6
"Mia Davis",855,1,31.21,5,3,1,9
"Amir Park",810,1,31.5,4,3,1,8
"Omar Weber",481,1,31.92,3,2,1,6
"Ali Leroy",346,1,32.2,2,2,1,5
"Xiao Kumar",575,1,32.28,4,3,1,8
"Xiao Weber",291,1,32.46,2,2,1,5
"Jamal Patel",728,1,32.62,4,3,1,8
"Chen Dubois",645,1,32.69,4,3,1,8
"Jennifer Dubois",79,1,32.7,1,1,1,3
"Sarah Johansson",388,1,32.95,3,2,1,6
"Barbara White",235,1,34.06,2,1,1,4
"Isabella Smith",107,1,34.14,1,1,1,3
"James Khan",30,1,34.32,1,1,1,3
"Barbara Moreau",427,1,34.7,3,2,1,6
"Robert Russo",65,1,34.75,1,1,1,3
"Sophie Kim",408,1,34.77,3,2,1,6
"Chen Rodriguez",855,1,34.92,5,3,1,9
"Hanna Rossi",874,1,34.92,5,4,1,10
"Olivia Wang",589,1,35.11,4,3,1,8
"Amir Johansson",407,1,35.42,3,2,1,6
"Li Oliveira",545,1,35.45,3,2,1,6
"Joseph Garcia",264,1,35.46,2,1,1,4
"Nadia Jackson",910,1,35.5,5,4,1,10
"Barbara Rossi",947,1,35.7,5,4,1,10
"Jennifer Anderson",505,1,35.72,3,2,1,6
"Emma Clark",328,1,35.8,2,2,1,5
"Emma Thompson",45,1,35.85,1,1,1,3
"Ivan Sharma",229,1,35.97,2,1,1,4
"Giulia Russo",169,1,36.18,2,1,1,4
"Patricia Rossi",644,1,36.21,4,3,1,8
"Clara Costa",311,1,36.29,2,2,1,5
"Thomas Jackson",435,1,36.33,3,2,1,6
"Ivan Anderson",975,1,36.42,5,4,1,10
"Patricia Ferrari",342,1,36.6,2,2,1,5
"Ingrid Moreau",816,1,36.63,4,3,1,8
"Oscar Pereira",705,1,36.74,4,3,1,8
"Priya Nilsson",668,2,37.07,4,5,1,10
"Clara Smith",1082,1,37.16,5,4,1,10
"Ayumi Miller",637,1,37.26,4,3,1,8
"Oscar Williams",473,1,37.65,3,2,1,6
"Sophie Williams",494,1,37.81,3,2,1,6
"Ingrid Clark",226,2,38.13,2,5,1,8
"Omar Garcia",938,2,38.16,5,5,1,11
"Elizabeth Patel",434,1,38.24,3,2,1,6
"Wei Costa",573,1,38.26,4,3,1,8
"Jamal Williams",585,1,38.44,4,3,1,8
"Giulia Anderson",674,2,38.52,4,5,1,10
"Sophie Miller",752,1,38.64,4,3,1,8
"Robert Garcia",469,1,38.67,3,2,1,6
"David Laurent",587,1,38.74,4,3,1,8
"Lucas Clark",29,1,39.07,1,1,1,3
"Emma Chen",268,1,39.08,2,2,1,5
"John Wang",449,1,39.26,3,2,1,6
"Olivia Pereira",565,1,39.61,4,3,1,8
"Amina Khan",265,1,39.65,2,1,1,4
"Isabella Anderson",737,1,40.18,4,3,1,8
"Richard Sharma",166,1,40.3,1,1,1,3
"Olivia Ali",98,1,40.39,1,1,1,3
"Thomas Santos",848,1,40.42,5,3,1,9
"Olga Zhang",1005,1,40.72,5,4,1,10
"Joseph Suzuki",766,1,41.11,4,3,1,8
"Ayumi Russo",4,1,41.13,1,1,1,3
"Hanna Ferrari",58,1,41.28,1,1,1,3
"Karen Yamamoto",193,1,41.55,2,1,1,4
"Christopher Miller",410,1,41.58,3,2,1,6
"Susan Patel",434,1,41.72,3,2,1,6
"Marco Tanaka",112,1,41.74,1,1,1,3
"Jennifer Martinez",690,1,41.84,4,3,1,8
"Priya Wang",1047,1,41.84,5,4,1,10
"Ingrid Müller",595,1,42.23,4,3,1,8
"Raj Weber",547,1,42.3,3,2,1,6
"Karen Ferrari",595,1,42.31,4,3,1,8
"Ali Thomas",622,1,42.36,4,3,1,8
"Richard Park",373,1,42.42,3,2,1,6
"Kenji Santos",149,1,42.69,1,1,1,3
"Liam White",228,1,42.82,2,1,1,4
"Nadia Dubois",411,1,43.01,3,2,1,6
"Priya Leroy",602,2,43.07,4,5,1,10
"William Moreau",521,1,43.48,3,2,1,6
"Patricia Garcia",167,1,43.53,2,1,1,4
"Raj Li",635,1,43.56,4,3,1,8
"Karen Moreau",982,1,43.85,5,4,1,10
"Raj Patel",49,2,44.12,1,4,1,6
"Priya Li",736,1,44.15,4,3,1,8
"Joseph Leroy",820,1,44.26,5,3,1,9
"Li Davis",531,1,44.59,3,2,1,6
"Zara Fischer",422,1,44.69,3,2,1,6
"Liam Johansson",879,1,44.79,5,4,1,10
"Li Müller",440,1,44.84,3,2,1,6
"Clara Santos",951,1,45.14,5,4,1,10
"Maria Miller",745,1,45.26,4,3,2,9
"Marco Rodriguez",430,1,45.45,3,2,2,7
"Michael Miller",226,1,45.49,2,1,2,5
"Felix Singh",36,1,45.56,1,1,2,4
"Olivia Clark",226,1,46.37,2,1,2,5
"Thomas Clark",281,1,46.7,2,2,2,6
"Carlos Jones",282,1,47.2,2,2,2,6
"Oscar Jones",1039,1,47.25,5,4,2,11
"Zara Weber",382,1,47.46,3,2,2,7
"Giulia Müller",199,1,47.48,2,1,2,5
"Priya Robinson",550,1,47.55,3,2,2,7
"Olivia Davis",584,1,47.56,4,3,2,9
"Carlos Ahmed",724,1,47.57,4,3,2,9
"Thomas Thomas",363,1,47.66,3,2,2,7
"Nadia Davis",554,1,47.7,3,2,2,7
"Jamal Park",42,1,47.71,1,1,2,4
"Michael Sharma",632,1,47.96,4,3,2,9
"Linda Rodriguez",443,1,47.97,3,2,2,7
"Ivan Leroy",293,1,48.23,2,2,2,6
"Olivia Garcia",482,1,48.32,3,2,2,7
"Xiao Jackson",60,1,48.46,1,1,2,4
"Ayumi Nilsson",1050,1,48.95,5,4,2,11
"Diego Davis",897,1,49.18,5,4,2,11
"Robert Dubois",754,1,49.38,4,3,2,9
"Hanna Ali",517,1,49.44,3,2,2,7
"Wei Johansson",984,1,49.46,5,4,2,11
"Kenji Johansson",300,1,49.72,2,2,2,6
"Ayumi Smith",328,1,49.91,2,2,2,6
"Hans White",522,1,50,3,2,2,7
"Diego Li",208,1,50.04,2,1,2,5
"Liam Jones",806,2,50.4,4,5,2,11
"Lucas Thomas",836,1,50.51,5,3,2,10
"Ethan Kim",869,1,50.75,5,3,2,10
"Hanna Khan",839,1,50.8,5,3,2,10
"Hanna Fischer",178,1,51.02,2,1,2,5
"Thomas Wang",505,1,51.09,3,2,2,7
"Pierre Robinson",11,1,51.1,1,1,2,4
"Fatima Robinson",549,1,51.14,3,2,2,7
"Mary Ferrari",1069,1,51.25,5,4,2,11
"Carlos Schmidt",555,2,51.41,3,5,2,10
"David Kumar",192,1,51.63,2,1,2,5
"Oscar Johansson",490,1,52.05,3,2,2,7
"Marco Hassan",689,1,52.11,4,3,2,9
"Patricia Weber",107,2,52.15,1,4,2,7
"Jessica Sato",991,1,52.25,5,4,2,11
"Sarah Moreau",638,1,52.76,4,3,2,9
"Karen Thomas",890,1,52.78,5,4,2,11
"Clara Clark",872,1,52.81,5,4,2,11
"Ethan Moreau",398,1,52.9,3,2,2,7
"Ingrid Li",15,1,52.93,1,1,2,4
"Barbara Khan",354,1,52.98,3,2,2,7
"Fatima Laurent",963,1,52.98,5,4,2,11
"Pierre Costa",120,1,53.11,1,1,2,4
"Raj Schmidt",447,1,53.34,3,2,2,7
"Hans Santos",1009,1,53.53,5,4,2,11
"John Rodriguez",296,1,53.56,2,2,2,6
"Felix Leroy",141,1,53.69,1,1,2,4
"Giulia Oliveira",76,1,53.72,1,1,2,4
"David Harris",1030,1,53.77,5,4,2,11
"Joseph Schmidt",238,1,53.98,2,1,2,5
"Ingrid Khan",911,1,54.23,5,4,2,11
"Michael Harris",1068,1,54.25,5,4,2,11
"Ayumi Kumar",756,1,54.37,4,3,2,9
"Felix Miller",986,1,54.74,5,4,2,11
"Kenji Nilsson",1066,1,54.96,5,4,2,11
"Carlos Martinez",665,1,55.14,4,3,2,9
"Patricia Santos",444,1,55.24,3,2,2,7
"Emma Weber",582,1,55.26,4,3,2,9
"Li Kim",20,1,55.53,1,1,2,4
"Liam Schmidt",449,1,55.6,3,2,2,7
"Ali Rodriguez",1090,1,55.83,5,4,2,11
"Mia Martin",621,2,55.87,4,5,2,11
"Clara Sato",701,1,56.28,4,3,2,9
"Christopher Clark",332,1,56.36,2,2,2,6
"Fatima Davis",233,1,56.7,2,1,2,5
"Fatima Weber",98,1,56.81,1,1,2,4
"Jessica Johnson",158,1,56.89,1,1,2,4
"Layla Khan",1059,1,57.55,5,4,2,11
"Michael Kim",623,1,58.17,4,3,2,9
"Richard Patel",503,1,58.34,3,2,2,7
"Zara Ferrari",939,1,58.41,5,4,2,11
"Liam Romano",738,1,58.76,4,3,2,9
"Yuki Pereira",472,1,59.06,3,2,2,7
"Diego Ferrari",98,1,59.15,1,1,2,4
"Marco Ferrari",177,1,59.17,2,1,2,5
"William Miller",756,1,59.74,4,3,2,9
"Thomas Yamamoto",503,1,59.85,3,2,2,7
"Thomas Ferrari",757,1,59.92,4,3,2,9
"Omar Ali",32,1,60.11,1,1,2,4
"Ethan Hassan",1041,1,60.25,5,4,2,11
"Carlos Jackson",191,1,60.48,2,1,2,5
"Olga Ahmed",725,1,60.89,4,3,2,9
"Ayumi Ferrari",1091,1,61.04,5,4,2,11
"Wei Smith",786,1,61.65,4,3,2,9
"Hanna Li",258,1,61.73,2,1,2,5
"Diego Sharma",114,1,61.82,1,1,2,4
"Lucas Costa",249,1,62.17,2,1,2,5
"Hanna Kumar",816,1,62.53,4,3,2,9
"Joseph Clark",183,1,62.93,2,1,2,5
"Carlos Dubois",927,1,63.27,5,4,2,11
"Jessica Pereira",34,1,63.78,1,1,2,4
"Richard Johnson",584,1,63.84,4,3,2,9
"Jennifer Moreau",1044,1,64.12,5,4,2,11
"Michael Hassan",1039,1,64.18,5,4,2,11
"Kenji Smith",321,1,64.5,2,2,2,6
"Robert Harris",182,2,64.69,2,5,2,9
"Ava Patel",559,1,64.87,3,2,2,7
"Mary Patel",333,1,65.04,2,2,2,6
"Jamal Nilsson",495,1,65.28,3,2,2,7
"Karen Garcia",22,1,65.29,1,1,2,4
"Oscar Wang",680,1,65.35,4,3,2,9
"Layla Santos",966,1,65.56,5,4,2,11
"Jennifer Russo",1080,1,65.82,5,4,2,11
"John Miller",737,1,65.99,4,3,2,9
"Michael Sato",804,1,66.02,4,3,2,9
"Ahmed Pereira",791,1,66.12,4,3,2,9
"Fatima Müller",276,1,66.13,2,2,2,6
"Hanna Davis",948,1,66.32,5,4,2,11
"Hanna Leroy",2,2,66.58,1,4,2,7
"Sophie Li",552,1,66.68,3,2,2,7
"Clara Moreau",204,1,66.9,2,1,2,5
"Michael Park",92,1,66.93,1,1,2,4
"Amina Johansson",849,2,66.96,5,5,2,12
"Linda Sato",616,1,67.14,4,3,2,9
"Emma Tanaka",571,1,67.22,4,3,2,9
"Richard Dubois",314,1,68.31,2,2,2,6
"Jamal Harris",903,1,68.34,5,4,2,11
"Karen Tanaka",637,1,68.36,4,3,2,9
"Nadia Weber",1006,1,68.44,5,4,2,11
"Clara Schmidt",482,1,68.85,3,2,2,7
"Sakura Martin",1058,1,69.02,5,4,2,11
"Barbara Russo",1012,1,69.03,5,4,2,11
"Amina Smith",18,1,69.66,1,1,2,4
"Olga Wang",272,1,69.84,2,2,2,6
"Felix Laurent",760,2,70.03,4,5,2,11
"Emma Suzuki",35,2,70.33,1,4,2,7
"Liam Nilsson",477,1,70.4,3,2,2,7
"Oscar White",871,1,70.97,5,4,2,11
"Clara Ali",377,1,71.08,3,2,2,7
"Oscar Thomas",781,2,71.13,4,5,2,11
"Maria Sharma",1062,1,71.14,5,4,2,11
"Maria Martin",26,1,71.23,1,1,2,4
"Chen Taylor",8,1,71.31,1,1,2,4
"Amir Ferrari",101,1,71.74,1,1,2,4
"Xiao Rodriguez",269,2,71.9,2,5,2,9
"Isabella Li",813,1,72.24,4,3,2,9
"Susan Chen",792,1,72.31,4,3,2,9
"Hans Ali",281,1,72.35,2,2,2,6
"Mary Miller",315,2,72.54,2,5,2,9
"Lucas Suzuki",802,2,72.8,4,5,2,11
"Ava Laurent",21,1,73.52,1,1,2,4
"Giulia Yamamoto",449,1,73.69,3,2,2,7
"Sophie Leroy",84,1,73.71,1,1,2,4
"Jamal Khan",612,1,73.88,4,3,2,9
"Joseph Thompson",240,1,74.03,2,1,2,5
"Maria Zhang",688,1,74.68,4,3,2,9
"Barbara Miller",428,1,74.71,3,2,2,7
"Xiao Johnson",561,1,74.88,4,2,2,8
"Chen Garcia",686,2,74.96,4,5,2,11
"Richard Moreau",816,1,75.07,4,3,2,9
"Oscar Khan",704,1,75.28,4,3,2,9
"Omar Russo",159,3,75.37,1,5,2,8
"Diego Rossi",271,1,76.01,2,2,2,6
"Raj Rodriguez",600,1,76.11,4,3,2,9
"Michael Leroy",300,1,76.19,2,2,2,6
"Layla Romano",454,1,76.32,3,2,2,7
"Giulia Smith",269,1,77.03,2,2,2,6
"Diego Harris",844,1,77.47,5,3,2,10
"Mia Laurent",420,1,77.65,3,2,2,7
"Mary Anderson",90,2,78.26,1,4,2,7
"Carlos Ali",272,2,78.98,2,5,2,9
"Hans Robinson",752,1,79.09,4,3,2,9
"James Anderson",1006,1,79.15,5,4,2,11
"Kenji Schmidt",745,1,79.3,4,3,2,9
"Olivia Rossi",881,1,79.61,5,4,2,11
"Lucas Anderson",1032,1,79.84,5,4,2,11
"Ayumi Ali",825,1,79.98,5,3,2,10
"Mary Martinez",75,1,80.36,1,1,2,4
"Liam Taylor",366,1,80.89,3,2,2,7
"Mary Laurent",179,2,81.06,2,5,2,9
"Emma Brown",1008,1,81.35,5,4,2,11
"Joseph Zhang",45,1,81.36,1,1,2,4
"Richard Williams",238,1,81.41,2,1,2,5
"Jessica Yamamoto",600,1,81.57,4,3,2,9
"Sakura Kim",175,1,81.92,2,1,2,5
"Mary Rossi",56,1,82.24,1,1,2,4
"Joseph Fischer",28,1,82.38,1,1,2,4
"Ayumi Tanaka",737,2,82.87,4,5,2,11
"Ingrid Wang",96,1,83.98,1,1,2,4
"Sarah Rossi",191,2,84.3,2,5,2,9
"Ingrid Sato",422,1,84.5,3,2,2,7
"Liam Wang",887,1,84.63,5,4,2,11
"John Brown",871,1,84.83,5,4,2,11
"Sarah Nilsson",36,1,84.85,1,1,2,4
"Christopher Rossi",880,1,85.18,5,4,2,11
"Olivia Zhang",301,2,85.31,2,5,2,9
"Ali Jackson",10,1,85.33,1,1,2,4
"Fatima Patel",775,2,85.82,4,5,2,11
"Jamal Jones",712,2,85.99,4,5,2,11
"Elizabeth Singh",506,2,86,3,5,2,10
"Isabella Ahmed",932,1,86.2,5,4,2,11
"Amir Moreau",474,1,86.26,3,2,2,7
"Hans Khan",230,1,86.45,2,1,2,5
"Jessica Kim",726,1,87.15,4,3,2,9
"Lucas Yamamoto",306,1,87.28,2,2,2,6
"Ayumi Romano",185,1,87.36,2,1,2,5
"Jessica Park",298,2,87.63,2,5,2,9
"Fatima Jones",699,1,88.43,4,3,2,9
"Susan Miller",910,1,88.43,5,4,2,11
"Ingrid Suzuki",13,1,88.6,1,1,2,4
"Amina Harris",432,2,88.92,3,5,2,10
"Carlos Patel",459,1,88.94,3,2,2,7
"Amir Tanaka",82,1,89.48,1,1,2,4
"Sophie Jones",263,1,89.92,2,1,2,5
"Xiao Ferrari",42,2,90.2,1,4,2,7
"Linda Wang",215,1,90.48,2,1,2,5
"Fatima Kumar",1029,1,90.68,5,4,2,11
"Clara Tanaka",545,2,90.89,3,5,2,10
"Patricia Dubois",962,1,91.16,5,4,2,11
"Jessica Nilsson",382,1,91.37,3,2,2,7
"Oscar Schmidt",361,2,91.92,3,5,2,10
"Ivan Smith",713,1,91.96,4,3,2,9
"Hans Hassan",514,1,92.21,3,2,2,7
"Noah Taylor",849,1,92.48,5,3,2,10
"Kenji Miller",108,1,92.61,1,1,2,4
"Mary Garcia",593,1,92.8,4,3,2,9
"Ahmed Clark",636,2,94.28,4,5,2,11
"Jamal Chen",371,1,94.52,3,2,2,7
"Zara White",597,2,94.52,4,5,2,11
"Priya Thomas",5,3,94.61,1,5,2,8
"Richard Ali",90,3,94.72,1,5,2,8
"Olga Weber",107,1,95.06,1,1,2,4
"Zara Thomas",450,1,95.53,3,2,2,7
"Layla Thomas",604,1,95.85,4,3,2,9
"Liam Patel",399,1,96.15,3,2,2,7
"Oscar Davis",26,1,96.6,1,1,2,4
"Sakura Oliveira",628,1,96.64,4,3,2,9
"Nadia Thomas",190,1,96.82,2,1,2,5
"David Williams",90,1,96.88,1,1,2,4
"Layla Jackson",170,2,97.14,2,5,2,9
"Carlos Davis",427,1,97.81,3,2,2,7
"Felix Davis",742,1,98.38,4,3,2,9
"Xiao Laurent",862,1,98.61,5,3,2,10
"Chen Martinez",98,1,98.69,1,1,2,4
"Nadia Pereira",211,2,98.9,2,5,2,9
"Jessica Hassan",41,2,99,1,4,2,7
"Joseph Romano",477,2,99.35,3,5,2,10
"Ayumi Suzuki",723,2,99.43,4,5,2,11
"Ethan Jones",207,1,99.48,2,1,2,5
"John Martin",281,1,99.56,2,2,2,6
"John Patel",826,1,99.56,5,3,2,10
"Chen Singh",1075,1,99.69,5,4,2,11
"Oscar Ali",236,1,100.12,2,1,2,5
"Chen Martin",190,2,100.24,2,5,2,9
"Priya Martin",739,2,100.24,4,5,2,11
"Noah Martinez",636,1,100.68,4,3,2,9
"Clara Williams",894,1,101.04,5,4,2,11
"Liam Kim",564,1,101.1,4,2,2,8
"Jamal Zhang",1047,1,101.46,5,4,2,11
"Nadia Rodriguez",237,1,101.79,2,1,2,5
"Priya Park",998,1,101.8,5,4,2,11
"Wei Hassan",756,1,102.21,4,3,2,9
"Sakura Nilsson",112,1,102.78,1,1,2,4
"Priya Williams",613,1,103.57,4,3,2,9
"Amina Wang",491,1,103.74,3,2,2,7
"Ali Oliveira",534,1,103.77,3,2,2,7
"Karen Ali",461,1,104,3,2,2,7
"Linda Thompson",420,1,104.2,3,2,2,7
"Giulia Li",432,1,104.5,3,2,2,7
"Oscar Taylor",1009,1,104.51,5,4,2,11
"William Romano",473,1,104.65,3,2,2,7
"Wei Wang",418,1,105,3,2,2,7
"Clara Taylor",1094,1,105.16,5,4,2,11
"Wei Fischer",756,2,105.23,4,5,2,11
"Mia Clark",715,2,105.52,4,5,2,11
"Felix Ahmed",545,1,105.62,3,2,2,7
"Chen Ali",173,1,105.71,2,1,2,5
"Ahmed Dubois",23,3,105.73,1,5,2,8
"Omar Leroy",1013,1,105.78,5,4,2,11
"Marco Davis",330,1,105.83,2,2,2,6
"Lucas Williams",584,1,106.47,4,3,2,9
"Ali Hassan",417,1,106.82,3,2,2,7
"Hans Kumar",256,2,107.59,2,5,2,9
"William Martinez",172,2,107.88,2,5,2,9
"Susan Laurent",104,1,108.22,1,1,2,4
"Priya Ali",900,1,108.6,5,4,2,11
"Amina Thomas",499,1,108.66,3,2,2,7
"Mary Clark",372,2,108.73,3,5,2,10
"William Clark",663,2,108.74,4,5,2,11
"Marco Moreau",1084,1,109.03,5,4,2,11
"Layla Ferrari",243,1,109.08,2,1,2,5
"Carlos Robinson",613,1,109.09,4,3,2,9
"Elizabeth Martin",838,1,109.35,5,3,2,10
"Michael Smith",81,1,109.38,1,1,2,4
"Yuki Robinson",152,1,109.42,1,1,2,4
"Ingrid Laurent",489,1,109.65,3,2,2,7
"Ingrid Davis",233,2,109.72,2,5,2,9
"Ava Garcia",756,1,109.76,4,3,2,9
"Wei Laurent",170,1,109.84,2,1,2,5
"Barbara Leroy",1023,1,109.88,5,4,2,11
"Elizabeth Zhang",101,1,110.16,1,1,2,4
"Sakura Ali",845,1,110.27,5,3,2,10
"Giulia Williams",752,1,110.59,4,3,2,9
"Ahmed Santos",620,1,111.55,4,3,2,9
"Hans Martin",759,1,111.88,4,3,2,9
"Carlos Santos",822,1,112.12,5,3,2,10
"Clara Garcia",272,2,112.22,2,5,2,9
"Hans Schmidt",551,1,112.4,3,2,3,8
"Patricia Chen",945,1,112.42,5,4,3,12
"Sakura Jones",523,2,112.76,3,5,3,11
"Layla Ahmed",364,1,113.35,3,2,3,8
"Yuki Miller",93,1,113.45,1,1,3,5
"Oscar Kim",604,2,113.59,4,5,3,12
"Olga Pereira",698,2,114.12,4,5,3,12
"Christopher Tanaka",248,1,114.37,2,1,3,6
"Linda Zhang",67,1,114.6,1,1,3,5
"Hans Laurent",99,2,114.77,1,4,3,8
"Ali Kim",126,1,115.14,1,1,3,5
"Ivan Nilsson",134,1,115.23,1,1,3,5
"Jessica Weber",806,1,115.26,4,3,3,10
"Yuki Sharma",448,1,115.27,3,2,3,8
"Elizabeth Sharma",664,1,115.4,4,3,3,10
"Raj Sato",161,2,115.48,1,5,3,9
"Mary Oliveira",511,1,115.85,3,2,3,8
"Priya Romano",267,1,116.2,2,2,3,7
"Liam Pereira",867,1,116.33,5,3,3,11
"Felix Romano",411,2,116.72,3,5,3,11
"Kenji Romano",625,3,116.81,4,5,3,12
"Layla Chen",216,1,117.56,2,1,3,6
"Sarah Tanaka",238,2,117.78,2,5,3,10
"Omar Dubois",455,2,117.78,3,5,3,11
"Jessica Martin",613,1,118.18,4,3,3,10
"Sophie Sato",148,1,118.42,1,1,3,5
"Sophie Weber",580,1,118.7,4,3,3,10
"Jessica Garcia",84,2,118.78,1,4,3,8
"Sophie Brown",844,1,118.94,5,3,3,11
"Felix Schmidt",494,1,119.17,3,2,3,8
"Felix Patel",205,1,120.16,2,1,3,6
"Christopher Harris",244,2,120.18,2,5,3,10
"Maria Martinez",997,1,120.23,5,4,3,12
"Clara Martinez",191,1,120.43,2,1,3,6
"David Leroy",740,1,120.46,4,3,3,10
"Fatima Brown",791,1,120.63,4,3,3,10
"Chen Johnson",892,1,120.72,5,4,3,12
"Emma Anderson",281,1,120.94,2,2,3,7
"Amir Anderson",461,1,120.95,3,2,3,8
"Xiao Davis",8,1,121.12,1,1,3,5
"Oscar Johnson",906,1,121.18,5,4,3,12
"Christopher Taylor",966,1,121.2,5,4,3,12
"Mia Ali",466,2,121.33,3,5,3,11
"Linda Fischer",479,1,121.36,3,2,3,8
"Christopher Jackson",355,1,121.72,3,2,3,8
"Sakura Chen",276,1,122.02,2,2,3,7
"Isabella Harris",767,1,122.35,4,3,3,10
"Mia Müller",1044,1,122.43,5,4,3,12
"Ali Müller",266,1,122.8,2,2,3,7
"Raj Pereira",246,1,123.1,2,1,3,6
"Fatima Jackson",925,1,123.73,5,4,3,12
"Maria Rossi",548,1,123.84,3,2,3,8
"John Robinson",670,2,123.86,4,5,3,12
"Kenji White",710,1,123.9,4,3,3,10
"Jennifer Yamamoto",460,1,123.94,3,2,3,8
"Emma Martinez",825,1,124.47,5,3,3,11
"Layla Park",39,2,124.49,1,4,3,8
"Robert Thomas",144,1,125.54,1,1,3,5
"Hans Park",488,1,125.56,3,2,3,8
"Fatima Zhang",95,2,125.88,1,4,3,8
"Richard Jackson",360,2,126.09,3,5,3,11
"Maria Thomas",467,1,126.2,3,2,3,8
"Susan Weber",25,2,126.5,1,4,3,8
"Marco Nilsson",827,1,126.55,5,3,3,11
"Olga Thompson",597,2,126.73,4,5,3,12
"Pierre Ahmed",367,1,126.94,3,2,3,8
"Linda Martin",750,1,127.12,4,3,3,10
"Elizabeth Park",182,1,127.22,2,1,3,6
"Hanna Robinson",593,1,127.58,4,3,3,10
"Giulia Brown",431,2,127.95,3,5,3,11
"Sakura Martinez",1077,1,128.02,5,4,3,12
"Wei Zhang",89,1,128.36,1,1,3,5
"Mia Sharma",595,2,128.52,4,5,3,12
"Yuki Costa",366,2,128.6,3,5,3,11
"Sarah Brown",274,1,128.97,2,2,3,7
"Priya Jones",539,2,129.34,3,5,3,11
"Susan Harris",192,1,130.4,2,1,3,6
"Ivan Laurent",157,1,130.52,1,1,3,5
"Richard Harris",1003,1,130.71,5,4,3,12
"Olivia Kumar",962,1,131.73,5,4,3,12
"Richard Weber",262,1,131.94,2,1,3,6
"Amina Jones",757,1,132.12,4,3,3,10
"Jennifer White",158,1,132.41,1,1,3,5
"Isabella Ferrari",473,1,133.15,3,2,3,8
"Ethan Rodriguez",860,1,133.27,5,3,3,11
"Ahmed Anderson",494,1,133.68,3,2,3,8
"Christopher Chen",178,2,133.74,2,5,3,10
"Omar Jackson",447,1,133.88,3,2,3,8
"Priya Singh",330,1,133.95,2,2,3,7
"Sophie Yamamoto",957,1,134.2,5,4,3,12
"Hanna Santos",843,1,134.94,5,3,3,11
"Nadia Rossi",758,1,135,4,3,3,10
"James Kumar",712,1,135.09,4,3,3,10
"Sakura Zhang",285,1,135.82,2,2,3,7
"Yuki Johnson",583,1,135.89,4,3,3,10
"Wei Ali",389,1,136.29,3,2,3,8
"Emma Nilsson",584,1,136.65,4,3,3,10
"Ivan Thomas",478,1,136.8,3,2,3,8
"Li Rossi",429,2,136.9,3,5,3,11
"Emma Oliveira",1056,1,137.97,5,4,3,12
"Ethan Thomas",171,1,138.21,2,1,3,6
"Pierre Pereira",252,1,138.49,2,1,3,6
"Patricia Costa",374,1,138.6,3,2,3,8
"Olivia White",287,1,138.68,2,2,3,7
"Hans Kim",1056,1,138.69,5,4,3,12
"Pierre Hassan",409,1,138.81,3,2,3,8
"Amir Taylor",313,1,138.89,2,2,3,7
"Ali Sato",560,1,139.56,3,2,3,8
"Jessica Taylor",444,1,139.66,3,2,3,8
"Ethan Chen",95,2,140.31,1,4,3,8
"Wei Romano",939,1,140.33,5,4,3,12
"Sakura Ahmed",422,1,141.35,3,2,3,8
"Sakura Müller",558,1,141.5,3,2,3,8
"Clara Rodriguez",705,1,141.77,4,3,3,10
"Oscar Anderson",399,2,141.77,3,5,3,11
"Amina Nilsson",116,1,142.31,1,1,3,5
"Mia Chen",464,1,142.41,3,2,3,8
"Oscar Martin",26,2,142.57,1,4,3,8
"Omar Li",822,1,143.33,5,3,3,11
"Robert Jackson",961,1,143.37,5,4,3,12
"Hanna White",541,1,143.57,3,2,3,8
"Noah Dubois",483,1,143.71,3,2,3,8
"James Chen",1030,1,143.71,5,4,3,12
"Xiao Taylor",926,1,143.72,5,4,3,12
"Yuki Rodriguez",848,1,144.72,5,3,3,11
"Robert Khan",82,3,144.81,1,5,3,9
"Jessica Schmidt",316,1,145.1,2,2,3,7
"Jessica Tanaka",830,1,145.22,5,3,3,11
"Noah Suzuki",327,1,145.48,2,2,3,7
"Barbara Weber",230,2,145.51,2,5,3,10
"Lucas Oliveira",828,1,146,5,3,3,11
"Fatima Costa",897,1,146,5,4,3,12
"Li Wang",80,2,146.5,1,4,3,8
"Amina Clark",540,2,146.91,3,5,3,11
"Thomas Zhang",233,1,147.53,2,1,3,6
"Hans Yamamoto",938,1,147.71,5,4,3,12
"Barbara Williams",13,1,147.96,1,1,3,5
"Ava Harris",600,1,148.04,4,3,3,10
"Zara Müller",711,1,148.25,4,3,3,10
"Chen Smith",943,1,148.31,5,4,3,12
"Layla Kumar",622,1,148.32,4,3,3,10
"Olivia Johnson",458,1,148.51,3,2,3,8
"Linda Santos",474,1,148.65,3,2,3,8
"Wei Patel",464,2,149.18,3,5,3,11
"Sarah Miller",465,1,149.36,3,2,3,8
"Giulia Nilsson",653,1,149.59,4,3,3,10
"Patricia Wang",285,1,149.72,2,2,3,7
"Isabella Davis",334,1,150.02,2,2,3,7
"Nadia Oliveira",361,1,150.65,3,2,3,8
"Maria Ahmed",94,1,150.7,1,1,3,5
"Ahmed Sharma",379,2,150.87,3,5,3,11
"Maria Khan",719,1,151.34,4,3,3,10
"Michael Taylor",630,1,151.42,4,3,3,10
"Carlos Thomas",9,2,151.44,1,4,3,8
"David Smith",233,3,151.6,2,5,3,10
"Omar Fischer",618,1,151.73,4,3,3,10
"Robert Schmidt",631,1,151.76,4,3,3,10
"Mary Weber",259,3,151.8,2,5,3,10
"Maria Schmidt",997,1,152.16,5,4,3,12
"Michael Garcia",667,1,152.19,4,3,3,10
"Sophie Harris",913,2,152.9,5,5,3,13
"Marco Harris",915,1,154.06,5,4,3,12
"Lucas Rodriguez",687,1,154.2,4,3,3,10
"Ivan Dubois",718,1,154.2,4,3,3,10
"Ali Li",798,1,154.26,4,3,3,10
"Jennifer Tanaka",678,1,154.68,4,3,3,10
"Susan Kumar",581,1,154.78,4,3,3,10
"Maria Suzuki",1,2,154.95,1,4,3,8
"Ivan Ali",381,1,155.08,3,2,3,8
"Patricia Leroy",237,1,155.47,2,1,3,6
"Wei Thompson",125,2,155.52,1,4,3,8
"Zara Clark",472,1,155.86,3,2,3,8
"Clara Leroy",525,1,156.1,3,2,3,8
"Ivan Ahmed",541,1,156.11,3,2,3,8
"Isabella Jones",463,1,156.7,3,2,3,8
"Olivia Leroy",54,1,157.57,1,1,3,5
"Wei Jones",654,1,158.15,4,3,3,10
"Jennifer Thomas",302,1,158.63,2,2,3,7
"Maria Anderson",603,1,158.64,4,3,3,10
"Susan Hassan",633,1,158.98,4,3,3,10
"Michael Ferrari",447,4,159.15,3,5,3,11
"Chen Laurent",1071,1,159.19,5,4,3,12
"Isabella Russo",203,1,159.47,2,1,3,6
"Chen Nilsson",760,1,159.64,4,3,3,10
"James Santos",92,1,159.96,1,1,3,5
"Jamal Ahmed",877,1,159.98,5,4,3,12
"Jennifer Oliveira",2,1,160.11,1,1,3,5
"Jennifer Kim",784,1,160.41,4,3,3,10
"Isabella Thompson",274,1,160.72,2,2,3,7
"Ayumi Garcia",800,2,160.88,4,5,3,12
"Sakura Rodriguez",635,3,161.3,4,5,3,12
"Omar Thomas",269,2,161.42,2,5,3,10
"Priya Martinez",907,2,161.57,5,5,3,13
"Robert Tanaka",104,1,161.92,1,1,3,5
"Ahmed Hassan",264,1,162.03,2,1,3,6
"Ava Oliveira",217,1,162.05,2,1,3,6
"Priya Weber",523,2,162.66,3,5,3,11
"Xiao Romano",30,2,163.21,1,4,3,8
"Hanna Thomas",433,1,164.85,3,2,3,8
"Isabella Jackson",315,2,165.99,2,5,3,10
"Oscar Müller",150,1,166,1,1,3,5
"Olivia Sato",664,1,167.02,4,3,3,10
"Susan Johansson",1069,1,167.34,5,4,3,12
"Raj Yamamoto",314,1,167.77,2,2,3,7
"Ivan Patel",201,2,168.16,2,5,3,10
"Ayumi White",181,2,168.16,2,5,3,10
"Olga Anderson",631,1,169.04,4,3,3,10
"Sarah Robinson",600,2,169.34,4,5,3,12
"Li Taylor",991,1,169.97,5,4,3,12
"Sophie Sharma",115,1,170.05,1,1,3,5
"David Nilsson",169,1,170.26,2,1,3,6
"Amir Yamamoto",179,2,170.37,2,5,3,10
"Michael Nilsson",346,1,171.83,2,2,3,7
"Priya Harris",74,1,172.08,1,1,3,5
"Ingrid Robinson",250,1,172.2,2,1,3,6
"Priya Johansson",735,1,172.7,4,3,3,10
"Christopher Martinez",341,1,173.45,2,2,3,7
"Priya Patel",265,1,174.05,2,1,3,6
"Ava Jones",1058,1,174.28,5,4,3,12
"Hans Anderson",493,2,174.69,3,5,3,11
"Barbara Jones",1,2,175.85,1,4,3,8
"Sakura Rossi",93,1,176.58,1,1,3,5
"Isabella Patel",828,1,177.12,5,3,3,11
"Emma Jackson",783,1,177.94,4,3,3,10
"Diego Pereira",820,1,178.65,5,3,3,11
"Richard Rodriguez",711,1,178.7,4,3,3,10
"Omar Park",159,3,178.86,1,5,3,9
"Ahmed Russo",108,1,179.32,1,1,3,5
"Hans Chen",1061,1,179.48,5,4,3,12
"Layla Rodriguez",65,1,179.64,1,1,3,5
"Lucas Park",439,1,179.65,3,2,3,8
"Robert Taylor",199,2,180.36,2,5,3,10
"Li Harris",190,2,180.4,2,5,3,10
"Christopher Brown",510,2,180.93,3,5,3,11
"Sakura Costa",358,1,181.04,3,2,3,8
"Pierre Yamamoto",1015,1,181.74,5,4,3,12
"Olga Romano",571,1,182,4,3,3,10
"Carlos Anderson",1009,1,183.12,5,4,3,12
"Noah Leroy",710,1,183.4,4,3,3,10
"Raj Thompson",109,2,183.79,1,4,3,8
"Ivan Zhang",641,2,184.31,4,5,3,12
"Pierre Patel",482,1,184.73,3,2,3,8
"Sarah Zhang",1073,1,185.18,5,4,3,12
"Nadia Santos",386,2,185.58,3,5,3,11
"Elizabeth Taylor",177,2,185.6,2,5,3,10
"Mary Fischer",54,2,185.63,1,4,3,8
"Michael Rodriguez",880,1,185.96,5,4,3,12
"Liam Tanaka",708,1,186.41,4,3,3,10
"William Sharma",1064,1,186.5,5,4,3,12
"Layla Leroy",256,1,186.8,2,1,3,6
"Christopher Müller",482,1,187.47,3,2,3,8
"Priya Garcia",825,1,189.3,5,3,3,11
"Xiao Martin",473,1,189.41,3,2,3,8
"Joseph Wang",104,1,189.69,1,1,3,5
"Marco Martin",940,1,189.73,5,4,3,12
"Olivia Robinson",634,1,189.92,4,3,3,10
"Emma Kim",182,2,190.07,2,5,3,10
"Ava Yamamoto",217,2,192.3,2,5,3,10
"Barbara Dubois",562,1,192.38,4,2,3,9
"Clara Martin",172,1,192.45,2,1,3,6
"Lucas Romano",122,1,193.3,1,1,3,5
"David Thompson",900,1,193.41,5,4,3,12
"Layla Anderson",798,1,193.72,4,3,3,10
"Li White",987,1,194.11,5,4,3,12
"Maria Tanaka",813,2,195.09,4,5,3,12
"Chen Anderson",512,1,196.42,3,2,3,8
"Robert Clark",806,1,196.92,4,3,3,10
"Jamal Pereira",231,2,196.96,2,5,3,10
"Sophie Ahmed",356,1,197.61,3,2,3,8
"Chen Miller",929,1,197.88,5,4,3,12
"Diego Johansson",454,2,198.23,3,5,3,11
"Elizabeth Chen",476,1,198.36,3,2,3,8
"Christopher Schmidt",521,1,198.38,3,2,3,8
"Jennifer Leroy",264,1,198.4,2,1,3,6
"Elizabeth Dubois",754,1,198.4,4,3,3,10
"Kenji Leroy",942,1,198.83,5,4,3,12
"Carlos Wang",988,1,199.03,5,4,3,12
"Ahmed Zhang",287,1,199.3,2,2,3,7
"Sarah Johnson",76,2,199.39,1,4,3,8
"Priya Kumar",596,1,199.44,4,3,3,10
"Xiao Robinson",4,2,199.66,1,4,3,8
"Mia Smith",637,2,199.67,4,5,3,12
"James Clark",834,1,200.12,5,3,3,11
"Maria Moreau",330,1,201.15,2,2,3,7
"James Schmidt",879,1,202.05,5,4,3,12
"Lucas Schmidt",1049,1,202.61,5,4,3,12
"Carlos Thompson",561,1,203.59,3,2,3,8
"Priya Schmidt",513,2,203.6,3,5,3,11
"Robert Davis",239,1,204.96,2,1,3,6
"Olivia Anderson",79,3,205.2,1,5,3,9
"Noah Ferrari",418,1,205.27,3,2,3,8
"Jamal Clark",848,2,205.41,5,5,3,13
"John Zhang",691,1,205.44,4,3,3,10
"Fatima Yamamoto",238,2,205.45,2,5,3,10
"Kenji Sharma",617,1,205.58,4,3,3,10
"Sophie Park",1046,1,206.72,5,4,3,12
"Thomas Thompson",383,2,207.05,3,5,3,11
"Chen Romano",300,2,207.08,2,5,3,10
"Linda Khan",92,1,207.42,1,1,3,5
"Jennifer Santos",758,1,210.57,4,3,3,10
"Susan Kim",1025,1,210.93,5,4,3,12
"Olga Hassan",998,1,211.75,5,4,3,12
"Layla Yamamoto",37,1,212.76,1,1,3,5
"Karen Romano",50,2,213,1,4,3,8
"Sophie Jackson",278,1,215.05,2,2,3,7
"Wei Yamamoto",878,1,215.09,5,4,3,12
"Raj Thomas",974,1,215.52,5,4,3,12
"William Chen",136,3,216.18,1,5,4,10
"Priya Brown",222,2,216.8,2,5,4,11
"Mia Li",386,1,217.06,3,2,4,9
"Ethan Khan",768,1,217.19,4,3,4,11
"Robert Sharma",945,1,217.35,5,4,4,13
"Wei Martinez",607,1,217.59,4,3,4,11
"Robert Leroy",120,2,217.86,1,4,4,9
"Jamal Sharma",501,1,219.01,3,2,4,9
"Noah Müller",655,1,219.07,4,3,4,11
"Amir Ali",263,2,219.52,2,5,4,11
"Emma Romano",270,1,219.67,2,2,4,8
"Ethan Kumar",596,1,219.71,4,3,4,11
"Linda Harris",388,1,220.36,3,2,4,9
"James Suzuki",934,1,221.75,5,4,4,13
"Maria Ferrari",680,1,221.84,4,3,4,11
"Mia Wang",159,1,222.04,1,1,4,6
"Clara Romano",586,2,222.13,4,5,4,13
"Chen Johansson",728,1,222.26,4,3,4,11
"Joseph Russo",568,1,223.29,4,3,4,11
"Richard Brown",587,1,223.56,4,3,4,11
"Ethan Williams",485,1,224.52,3,2,4,9
"Amina Russo",586,1,224.54,4,3,4,11
"Sophie White",108,2,225.03,1,4,4,9
"Susan Schmidt",516,1,225.15,3,2,4,9
"Diego Jackson",964,1,225.25,5,4,4,13
"Giulia White",276,1,225.85,2,2,4,8
"Layla Li",618,1,227.49,4,3,4,11
"Jessica Wang",830,2,227.86,5,5,4,14
"Thomas Rodriguez",554,3,228.77,3,5,4,12
"Amir Smith",512,1,228.99,3,2,4,9
"Omar Hassan",856,1,229.28,5,3,4,12
"Robert Wang",325,1,229.95,2,2,4,8
"Clara Dubois",165,1,230.66,1,1,4,6
"Xiao Wang",833,1,231.96,5,3,4,12
"Olivia Kim",280,1,232.02,2,2,4,8
"Ali Taylor",288,1,232.53,2,2,4,8
"Elizabeth Wang",420,1,232.74,3,2,4,9
"Hanna Rodriguez",245,1,232.77,2,1,4,7
"Kenji Harris",9,1,235.66,1,1,4,6
"Hanna Park",162,1,235.68,1,1,4,6
"Christopher Thompson",814,1,235.92,4,3,4,11
"Fatima Martin",824,1,236.04,5,3,4,12
"Lucas Brown",232,2,236.81,2,5,4,11
"Chen Tanaka",79,2,236.85,1,4,4,9
"David Rodriguez",431,1,236.93,3,2,4,9
"Hanna Dubois",736,1,237.44,4,3,4,11
"John Suzuki",170,2,237.86,2,5,4,11
"Liam Smith",74,1,238.4,1,1,4,6
"Fatima Suzuki",1043,2,238.71,5,5,4,14
"Ali Patel",484,1,239.2,3,2,4,9
"Amir Rodriguez",345,1,239.7,2,2,4,8
"Sarah Harris",28,2,239.96,1,4,4,9
"Richard Santos",445,1,240.21,3,2,4,9
"Ahmed Thompson",909,1,240.97,5,4,4,13
"Hanna Williams",302,1,241.47,2,2,4,8
"Susan Ali",44,1,241.57,1,1,4,6
"Richard Zhang",289,1,242.53,2,2,4,8
"Jamal Brown",73,1,242.76,1,1,4,6
"Wei Anderson",257,1,242.96,2,1,4,7
"Noah Ali",737,1,243.22,4,3,4,11
"Li Smith",160,1,243.95,1,1,4,6
"Ava Miller",431,1,244.2,3,2,4,9
"Karen Hassan",245,2,244.53,2,5,4,11
"Christopher Robinson",935,1,245.08,5,4,4,13
"Elizabeth Fischer",11,2,245.22,1,4,4,9
"Susan Yamamoto",54,1,245.38,1,1,4,6
"Linda Brown",877,1,246.19,5,4,4,13
"Karen Russo",870,1,246.69,5,4,4,13
"Olivia Miller",719,1,247.06,4,3,4,11
"Ahmed Jackson",275,2,247.54,2,5,4,11
"Thomas Johnson",439,1,248.51,3,2,4,9
"Susan Li",674,1,250.72,4,3,4,11
"Wei Moreau",271,2,251.06,2,5,4,11
"Emma Dubois",304,2,251.33,2,5,4,11
"Ayumi Taylor",380,1,251.52,3,2,4,9
"Linda Hassan",161,1,251.68,1,1,4,6
"William Wang",266,1,251.86,2,2,4,8
"Noah Nilsson",225,1,253.14,2,1,4,7
"Kenji Moreau",84,2,253.37,1,4,4,9
"Giulia Rodriguez",340,1,253.6,2,2,4,8
"Linda Johnson",210,1,254.07,2,1,4,7
"Lucas Laurent",501,1,254.28,3,2,4,9
"Sarah Davis",376,3,254.4,3,5,4,12
"Omar Patel",242,1,255.07,2,1,4,7
"Isabella Johansson",472,2,256.55,3,5,4,12
"Chen Santos",248,2,256.72,2,5,4,11
"Mary Khan",143,3,256.84,1,5,4,10
"David Suzuki",482,1,257.67,3,2,4,9
"James Miller",265,1,258.03,2,1,4,7
"Thomas Costa",234,2,258.74,2,5,4,11
"Ali Yamamoto",64,2,260.69,1,4,4,9
"Chen Chen",100,1,260.89,1,1,4,6
"Layla Fischer",833,1,260.91,5,3,4,12
"Ethan Li",313,2,261.18,2,5,4,11
"Mia Brown",209,1,262,2,1,4,7
"Raj Rossi",34,2,262.03,1,4,4,9
"Li Pereira",205,2,263.62,2,5,4,11
"Ava Ferrari",1003,1,264.38,5,4,4,13
"Kenji Johnson",14,1,264.5,1,1,4,6
"William Ahmed",722,1,264.98,4,3,4,11
"Jennifer Ferrari",188,2,265.12,2,5,4,11
"Mia Weber",332,2,266.43,2,5,4,11
"Sophie Chen",195,2,266.6,2,5,4,11
"William Nilsson",1004,1,268.98,5,4,4,13
"Zara Rodriguez",939,2,269.25,5,5,4,14
"Yuki Martin",693,1,269.56,4,3,4,11
"Chen Thompson",702,2,270.46,4,5,4,13
"Olivia Jones",460,1,270.47,3,2,4,9
"Pierre Rodriguez",535,1,270.49,3,2,4,9
"Giulia Ali",1037,1,270.58,5,4,4,13
"William Kim",714,2,271.07,4,5,4,13
"Patricia Jackson",188,2,271.78,2,5,4,11
"Kenji Zhang",1051,1,271.99,5,4,4,13
"Jennifer Harris",245,2,272.51,2,5,4,11
"Ali Weber",737,1,273.55,4,3,4,11
"Giulia Taylor",292,2,274.26,2,5,4,11
"Thomas Patel",1022,1,275.31,5,4,4,13
"Felix Park",1015,1,275.32,5,4,4,13
"William Sato",45,1,278.17,1,1,4,6
"Ava Rossi",88,2,278.23,1,4,4,9
"Noah Rodriguez",145,1,279.54,1,1,4,6
"Mary Martin",854,1,280.22,5,3,4,12
"James Patel",330,1,281.28,2,2,4,8
"Oscar Thompson",280,3,281.66,2,5,4,11
"Ali Jones",524,2,281.8,3,5,4,12
"Christopher Williams",863,1,286.17,5,3,4,12
"Fatima Johnson",121,1,286.32,1,1,4,6
"Christopher Park",170,2,286.33,2,5,4,11
"Clara Oliveira",988,1,291.24,5,4,4,13
"Jamal Taylor",164,2,291.54,1,5,4,10
"Linda Suzuki",562,1,291.84,4,2,4,10
"Barbara Robinson",156,1,291.9,1,1,4,6
"Noah Jones",16,2,292.3,1,4,4,9
"Diego Williams",44,1,292.5,1,1,4,6
"Mia Harris",156,3,293.68,1,5,4,10
"Amir Hassan",571,2,293.97,4,5,4,13
"Michael Ali",852,1,294.15,5,3,4,12
"Patricia Kim",220,2,296.9,2,5,4,11
"Clara Jackson",959,1,297.23,5,4,4,13
"Noah Chen",205,2,297.26,2,5,4,11
"Patricia Müller",954,2,298.36,5,5,4,14
"James Wang",659,1,298.56,4,3,4,11
"Mia Santos",162,3,301.37,1,5,4,10
"Kenji Williams",138,1,301.48,1,1,4,6
"Thomas Brown",212,1,303.33,2,1,4,7
"Elizabeth Sato",889,1,303.6,5,4,4,13
"Ava Clark",197,3,306.87,2,5,4,11
"Emma Miller",63,1,306.95,1,1,4,6
"Layla Sharma",97,1,308.12,1,1,4,6
"Zara Oliveira",91,1,308.79,1,1,4,6
"Felix Costa",885,1,308.8,5,4,4,13
"Susan Russo",1,1,310.97,1,1,4,6
"Yuki Kim",7,2,311.13,1,4,4,9
"Wei Müller",259,3,311.89,2,5,4,11
"Richard Kumar",633,1,313.19,4,3,4,11
"John Johansson",1095,1,313.38,5,4,4,13
"Zara Anderson",505,1,313.98,3,2,4,9
"Zara Harris",472,1,314.5,3,2,4,9
"Barbara Nilsson",620,1,314.72,4,3,4,11
"Michael Tanaka",249,2,315.68,2,5,4,11
"Liam Martin",43,1,320.17,1,1,4,6
"Jennifer Garcia",869,2,320.63,5,5,4,14
"Emma Wang",126,2,321.68,1,4,4,9
"Oscar Santos",945,1,322.01,5,4,4,13
"Maria Weber",81,2,322.22,1,4,4,9
"William Robinson",159,2,322.89,1,5,4,10
"Maria Costa",478,3,326.76,3,5,4,12
"Maria Johnson",441,1,327.46,3,2,4,9
"Pierre Wang",72,2,327.82,1,4,4,9
"David Park",265,1,329.91,2,1,4,7
"Wei Johnson",626,1,331.83,4,3,4,11
"Mia Tanaka",21,1,332.84,1,1,4,6
"Layla Patel",449,1,334.09,3,2,4,9
"Kenji Martin",272,3,334.58,2,5,4,11
"Jamal Rossi",62,2,334.7,1,4,4,9
"Carlos Smith",1013,1,335.28,5,4,4,13
"Linda Patel",523,1,335.32,3,2,4,9
"Sophie Pereira",406,1,336.43,3,2,4,9
"Marco Sato",52,2,336.79,1,4,4,9
"Elizabeth Ahmed",1030,1,336.94,5,4,4,13
"Amina Taylor",197,3,338.36,2,5,4,11
"Wei Sharma",138,1,338.72,1,1,4,6
"Isabella Johnson",743,1,340.88,4,3,4,11
"Priya Laurent",694,1,342.15,4,3,4,11
"Yuki Ferrari",697,1,343.07,4,3,4,11
"Nadia Robinson",370,1,343.63,3,2,4,9
"Sophie Khan",15,1,343.95,1,1,4,6
"Mary Johansson",922,1,344.98,5,4,4,13
"Mia White",535,1,345.35,3,2,4,9
"James Rossi",54,1,346.32,1,1,4,6
"Mary Hassan",866,1,346.52,5,3,4,12
"Felix Yamamoto",1059,1,346.74,5,4,4,13
"Olga Robinson",26,3,346.92,1,5,4,10
"Omar Yamamoto",325,2,347.74,2,5,4,11
"Emma Sharma",169,2,350.83,2,5,4,11
"Jamal Singh",308,1,351.88,2,2,4,8
"Fatima Ferrari",761,1,352.3,4,3,4,11
"Zara Nilsson",764,2,352.59,4,5,4,13
"Hanna Sato",127,3,353.04,1,5,4,10
"Raj Garcia",337,1,356.83,2,2,4,8
"Ivan Robinson",410,1,358.18,3,2,4,9
"Clara Robinson",121,2,358.24,1,4,4,9
"Clara Hassan",36,2,360.17,1,4,4,9
"Olga Davis",17,3,360.48,1,5,4,10
"Ethan Johnson",384,2,364.3,3,5,4,12
"Olivia Williams",607,1,366.51,4,3,4,11
"Maria Hassan",552,1,367.5,3,2,4,9
"Emma Moreau",662,1,369.25,4,3,4,11
"Mia Anderson",290,1,371.17,2,2,4,8
"Christopher Rodriguez",107,1,371.64,1,1,4,6
"Thomas Suzuki",35,2,372.25,1,4,4,9
"Noah Khan",935,1,374.13,5,4,4,13
"Ayumi Thomas",473,1,375,3,2,4,9
"Sarah Santos",396,1,375.54,3,2,4,9
"Maria Rodriguez",154,2,376.6,1,4,4,9
"Kenji Hassan",43,1,376.72,1,1,4,6
"Kenji Jones",442,2,378.08,3,5,4,12
"Ingrid Nilsson",137,1,378.65,1,1,4,6
"Ivan Costa",124,1,378.73,1,1,4,6
"Yuki Thomas",394,1,379.59,3,2,4,9
"Lucas Russo",607,2,380.8,4,5,4,13
"Mia Jones",449,2,384.05,3,5,4,12
"Ayumi Johnson",1009,1,385.36,5,4,4,13
"Jennifer Pereira",115,1,385.52,1,1,4,6
"Wei Santos",752,2,387.13,4,5,4,13
"Ahmed Rodriguez",77,1,387.86,1,1,4,6
"Maria Leroy",3,1,388.58,1,1,4,6
"Wei Taylor",577,1,390.41,4,3,4,11
"Giulia Harris",62,1,391.54,1,1,4,6
"Michael Ahmed",166,1,392.02,1,1,4,6
"Hans Johnson",509,3,393.18,3,5,4,12
"Richard Leroy",210,1,396.42,2,1,4,7
"Li Sharma",804,1,396.49,4,3,4,11
"Isabella Thomas",7,1,396.63,1,1,4,6
"John Ferrari",536,2,397.95,3,5,4,12
"Ivan Davis",83,2,398.26,1,4,4,9
"Karen Nilsson",621,1,398.95,4,3,4,11
"Elizabeth Moreau",1036,1,402.64,5,4,4,13
"Linda Russo",801,2,405.14,4,5,4,13
"James Li",731,1,407.25,4,3,4,11
"Mary Chen",279,2,407.72,2,5,4,11
"Sarah Li",816,1,408.07,4,3,4,11
"William Ali",55,1,408.32,1,1,4,6
"Jessica Anderson",363,2,408.65,3,5,4,12
"Clara Laurent",349,1,409.32,3,2,4,9
"Robert Martinez",25,1,410.43,1,1,4,6
"Elizabeth Harris",743,2,411.79,4,5,4,13
"Lucas Tanaka",277,1,412.13,2,2,4,8
"Sophie Tanaka",88,1,414.36,1,1,4,6
"Michael Davis",340,2,415.11,2,5,4,11
"Xiao White",254,1,415.65,2,1,4,7
"James Harris",425,2,417.14,3,5,4,12
"Oscar Zhang",405,1,417.87,3,2,4,9
"Olivia Ferrari",828,1,418.55,5,3,4,12
"Carlos Sharma",145,3,418.67,1,5,4,10
"Sarah Suzuki",796,1,419.54,4,3,4,11
"Olivia Sharma",449,2,421.05,3,5,4,12
"David Anderson",1070,1,424.26,5,4,4,13
"Kenji Wang",33,2,424.67,1,4,4,9
"Elizabeth Weber",755,1,425.44,4,3,4,11
"Karen Rossi",491,2,426.05,3,5,4,12
"Ayumi Robinson",407,2,426.26,3,5,4,12
"Sophie Schmidt",61,2,426.84,1,4,4,9
"Zara Leroy",760,1,427.35,4,3,4,11
"Sarah Kim",78,2,427.73,1,4,4,9
"Olivia Nilsson",432,2,429.3,3,5,4,12
"Nadia Johansson",659,1,430.78,4,3,4,11
"Ahmed Taylor",787,2,432.71,4,5,4,13
"Clara Sharma",179,1,432.8,2,1,4,7
"Diego Robinson",787,1,433.33,4,3,4,11
"Diego Thomas",491,2,433.86,3,5,4,12
"Zara Patel",985,1,433.94,5,4,4,13
"Linda Kumar",767,1,435.36,4,3,4,11
"Hans Costa",242,2,435.78,2,5,4,11
"Wei Rodriguez",613,1,436.05,4,3,4,11
"Zara Kim",941,1,436.15,5,4,4,13
"Hans Müller",297,2,438.16,2,5,4,11
"Liam Rodriguez",84,2,440.14,1,4,4,9
"Karen Anderson",539,3,441.72,3,5,4,12
"Christopher Khan",207,2,442.95,2,5,4,11
"Felix Robinson",83,1,445.31,1,1,4,6
"Zara Miller",237,2,445.73,2,5,4,11
"Ingrid Martinez",435,1,446.69,3,2,4,9
"Michael Li",837,1,449.07,5,3,4,12
"Olga Taylor",306,2,449.59,2,5,4,11
"Robert Rodriguez",100,2,451.99,1,4,4,9
"Hans Sharma",260,1,454.06,2,1,4,7
"Emma Müller",350,2,455.73,3,5,4,12
"Pierre Jackson",562,1,456.08,4,2,4,10
"Ingrid Weber",841,1,456.7,5,3,4,12
"Patricia Zhang",217,1,459.92,2,1,4,7
"Barbara Ali",584,3,460.7,4,5,4,13
"Jessica Patel",644,1,461.36,4,3,4,11
"Robert Park",71,2,461.54,1,4,4,9
"Li Khan",578,1,461.9,4,3,4,11
"Richard Romano",24,2,464.38,1,4,4,9
"Nadia Costa",606,2,464.42,4,5,4,13
"Joseph Johansson",576,1,465.3,4,3,4,11
"Amina Singh",254,1,466.65,2,1,4,7
"Felix Kim",819,1,467.28,5,3,4,12
"Felix White",510,2,467.46,3,5,4,12
"Li Suzuki",168,2,467.78,2,5,4,11
"Hans Fischer",539,2,468.86,3,5,4,12
"Pierre Weber",66,3,470.55,1,5,4,10
"Hans Rossi",66,2,470.72,1,4,4,9
"Susan Wang",869,1,472.62,5,3,4,12
"James Tanaka",919,1,473.15,5,4,4,13
"Sakura Smith",594,2,473.46,4,5,5,14
"Karen Wang",719,2,474.35,4,5,5,14
"Ivan Martinez",509,1,478.14,3,2,5,10
"Noah Clark",667,1,478.25,4,3,5,12
"Ayumi Clark",307,1,479.86,2,2,5,9
"Hanna Ahmed",1054,1,480.78,5,4,5,14
"James Johansson",360,2,483.89,3,5,5,13
"Jennifer Romano",402,2,484.2,3,5,5,13
"Mary Davis",1077,1,485,5,4,5,14
"Sarah Leroy",239,1,485.4,2,1,5,8
"Jennifer Costa",961,1,486.27,5,4,5,14
"Joseph Martinez",579,3,486.89,4,5,5,14
"Ivan Pereira",861,1,488.64,5,3,5,13
"Ayumi Harris",240,2,489.01,2,5,5,12
"Christopher Jones",240,1,489.74,2,1,5,8
"Nadia Martin",212,3,490.55,2,5,5,12
"Susan White",295,2,490.63,2,5,5,12
"Ethan Wang",144,2,490.67,1,4,5,10
"Ingrid Schmidt",1040,1,493.8,5,4,5,14
"Diego Schmidt",580,2,496.22,4,5,5,14
"Emma Pereira",923,2,496.75,5,5,5,15
"Wei Suzuki",503,1,499.8,3,2,5,10
"Elizabeth Williams",131,3,499.94,1,5,5,11
"Olivia Patel",537,2,501.3,3,5,5,13
"Noah Tanaka",187,1,502.91,2,1,5,8
"Elizabeth Miller",123,1,504.5,1,1,5,7
"Richard Müller",1002,1,505.36,5,4,5,14
"James Ahmed",320,2,505.49,2,5,5,12
"Hans Harris",645,1,505.77,4,3,5,12
"Ivan Sato",59,1,506.33,1,1,5,7
"David Schmidt",427,1,507,3,2,5,10
"Ahmed Ali",384,1,509.12,3,2,5,10
"Mia Costa",452,1,512.33,3,2,5,10
"Layla Garcia",425,2,512.4,3,5,5,13
"Barbara Hassan",873,1,513.13,5,4,5,14
"Thomas Hassan",94,1,513.14,1,1,5,7
"Diego Weber",266,1,514.8,2,2,5,9
"Zara Suzuki",65,2,517.37,1,4,5,10
"Raj Johnson",401,1,518.07,3,2,5,10
"Omar Costa",475,3,518.5,3,5,5,13
"Thomas Oliveira",118,3,518.93,1,5,5,11
"Felix Müller",642,2,518.98,4,5,5,14
"Nadia Zhang",557,2,519.76,3,5,5,13
"Noah Oliveira",884,1,520.15,5,4,5,14
"Nadia Laurent",641,1,521.8,4,3,5,12
"Wei Chen",1021,1,523.38,5,4,5,14
"Linda Nilsson",1,1,523.65,1,1,5,7
"Jessica Suzuki",506,1,530.21,3,2,5,10
"Richard Yamamoto",262,2,530.26,2,5,5,12
"Emma Johnson",92,3,533.21,1,5,5,11
"Susan Zhang",687,2,534.53,4,5,5,14
"Ivan Williams",454,1,540.31,3,2,5,10
"Sarah Clark",115,2,543.56,1,4,5,10
"Amir Williams",86,1,543.78,1,1,5,7
"Jennifer Robinson",125,1,544.32,1,1,5,7
"Thomas Weber",216,1,547.01,2,1,5,8
"Barbara Davis",716,3,552.83,4,5,5,14
"Olga Leroy",129,3,553.25,1,5,5,11
"Barbara Sato",655,1,555.27,4,3,5,12
"Pierre Anderson",121,1,555.39,1,1,5,7
"Maria Yamamoto",215,3,557.74,2,5,5,12
"Barbara Singh",340,1,557.76,2,2,5,9
"Isabella Sato",61,1,557.88,1,1,5,7
"Sophie Martin",151,2,560.46,1,4,5,10
"Hanna Müller",656,1,561.48,4,3,5,12
"Sophie Clark",3,3,571.41,1,5,5,11
"Olga Garcia",88,1,572.74,1,1,5,7
"Xiao Brown",162,1,576.5,1,1,5,7
"Ayumi Laurent",418,1,577.02,3,2,5,10
"Ali Johansson",837,2,577.5,5,5,5,15
"Hanna Taylor",723,1,577.59,4,3,5,12
"Michael Khan",858,2,578.49,5,5,5,15
"Karen Robinson",800,1,581.9,4,3,5,12
"Hans Singh",901,1,582.95,5,4,5,14
"Mia Romano",527,1,583.17,3,2,5,10
"Amir Chen",936,1,585.15,5,4,5,14
"Diego Miller",116,2,587.91,1,4,5,10
"Jamal Schmidt",973,2,589.46,5,5,5,15
"Giulia Rossi",775,1,590.48,4,3,5,12
"Lucas Khan",959,1,590.48,5,4,5,14
"Barbara Sharma",340,3,591.93,2,5,5,12
"Kenji Davis",669,1,592.7,4,3,5,12
"Layla Johansson",286,2,594.21,2,5,5,12
"Kenji Dubois",698,1,595.6,4,3,5,12
"Hanna Hassan",59,1,596.92,1,1,5,7
"Liam Laurent",838,1,597.19,5,3,5,13
"Ahmed Harris",1030,1,598.14,5,4,5,14
"Fatima Fischer",44,2,600.76,1,4,5,10
"Mary White",428,1,601.04,3,2,5,10
"Olga Yamamoto",138,2,602.73,1,4,5,10
"Sarah Weber",100,1,602.87,1,1,5,7
"Ali Johnson",840,1,603.09,5,3,5,13
"Oscar Nilsson",362,1,603.39,3,2,5,10
"David Clark",851,1,603.9,5,3,5,13
"Robert Chen",323,2,604.48,2,5,5,12
"Felix Smith",83,4,605.45,1,5,5,11
"Layla Smith",72,1,606.67,1,1,5,7
"Barbara Thomas",989,1,609.39,5,4,5,14
"Carlos Rodriguez",22,2,610.24,1,4,5,10
"Fatima Smith",57,3,611.5,1,5,5,11
"Priya Costa",56,2,612.54,1,4,5,10
"Amir Thompson",153,2,614.55,1,4,5,10
"Nadia Harris",394,2,615.34,3,5,5,13
"Olivia Moreau",884,1,616.26,5,4,5,14
"Barbara Suzuki",986,1,617.58,5,4,5,14
"William Yamamoto",820,1,619.17,5,3,5,13
"Ayumi Dubois",1,1,619.37,1,1,5,7
"Giulia Johnson",746,2,623.79,4,5,5,14
"David Rossi",363,1,624.38,3,2,5,10
"Michael Yamamoto",208,4,624.46,2,5,5,12
"Karen Smith",568,2,625.31,4,5,5,14
"Olga Johansson",192,1,625.88,2,1,5,8
"David Johansson",270,1,626.39,2,2,5,9
"Yuki Patel",1036,1,627.38,5,4,5,14
"Richard Rossi",211,2,628.56,2,5,5,12
"Fatima Williams",432,4,629.87,3,5,5,13
"John Laurent",593,2,640.33,4,5,5,14
"Lucas Li",757,1,649.62,4,3,5,12
"Ingrid Williams",302,1,655.88,2,2,5,9
"Ahmed Thomas",383,1,659.08,3,2,5,10
"Isabella Khan",107,1,660.62,1,1,5,7
"Giulia Miller",251,2,662.12,2,5,5,12
"Pierre Romano",860,1,665.42,5,3,5,13
"Thomas Laurent",49,2,668.12,1,4,5,10
"Hans Miller",413,2,682.79,3,5,5,13
"Emma Jones",196,1,683.82,2,1,5,8
"Ivan Moreau",388,1,687.44,3,2,5,10
"Sarah Sharma",292,2,687.53,2,5,5,12
"Oscar Miller",230,2,689.21,2,5,5,12
"Elizabeth Johansson",796,1,689.29,4,3,5,12
"Lucas Moreau",193,2,692.54,2,5,5,12
"Jessica Moreau",321,2,694.97,2,5,5,12
"Richard Costa",490,1,708.42,3,2,5,10
"Priya Rodriguez",666,1,710.18,4,3,5,12
"Ayumi Khan",365,2,725.33,3,5,5,13
"Wei Sato",524,2,729.63,3,5,5,13
"Robert Patel",299,1,730.63,2,2,5,9
"Jamal Martinez",1034,1,730.94,5,4,5,14
"Noah Smith",884,1,732.06,5,4,5,14
"Noah Russo",166,2,732.96,1,5,5,11
"Pierre Leroy",291,2,735.62,2,5,5,12
"Jamal Robinson",190,3,736.58,2,5,5,12
"Jennifer Clark",23,2,739.02,1,4,5,10
"Olga Suzuki",538,2,739.41,3,5,5,13
"Nadia Leroy",159,1,741.08,1,1,5,7
"Thomas Chen",456,3,743,3,5,5,13
"Hans Patel",280,2,743.06,2,5,5,12
"Ali Wang",114,2,746.33,1,4,5,10
"Ingrid Jackson",69,1,749.59,1,1,5,7
"Diego Suzuki",60,2,751.29,1,4,5,10
"Oscar Chen",167,1,751.33,1,1,5,7
"Kenji Taylor",835,1,751.49,5,3,5,13
"Amir Li",607,1,754.02,4,3,5,12
"Joseph Chen",30,2,754.82,1,4,5,10
"Noah Johansson",821,1,758.29,5,3,5,13
"Lucas Sato",25,2,761.31,1,4,5,10
"Sarah Thompson",754,2,766.33,4,5,5,14
"Sophie Thomas",992,1,772.8,5,4,5,14
"Robert Robinson",1028,1,775.8,5,4,5,14
"Chen Jones",910,1,776.28,5,4,5,14
"Raj Oliveira",819,1,779.58,5,3,5,13
"Jessica Müller",402,2,781.96,3,5,5,13
"Elizabeth Johnson",188,2,783.03,2,5,5,12
"Linda Smith",397,2,786.69,3,5,5,13
"Diego Kim",354,2,790.03,3,5,5,13
"Layla Williams",414,1,790.88,3,2,5,10
"Mia Johansson",243,1,791.59,2,1,5,8
"Thomas Smith",79,2,792.01,1,4,5,10
"Ingrid Zhang",10,2,801.09,1,4,5,10
"Ayumi Singh",54,2,801.33,1,4,5,10
"Olga Müller",814,1,802.07,4,3,5,12
"Ayumi Zhang",219,1,810.88,2,1,5,8
"Susan Jackson",53,2,810.94,1,4,5,10
"Jessica Costa",638,1,811.51,4,3,5,12
"Ali Miller",114,3,825.42,1,5,5,11
"Felix Santos",1020,1,825.97,5,4,5,14
"Nadia Nilsson",16,1,827.42,1,1,5,7
"Mary Smith",826,2,827.77,5,5,5,15
"Ingrid Romano",224,1,835.43,2,1,5,8
"Xiao Ali",645,1,838.3,4,3,5,12
"Susan Davis",1083,1,848.92,5,4,5,14
"Olga Nilsson",23,2,850.96,1,4,5,10
"Hanna Weber",342,2,860.85,2,5,5,12
"Diego Russo",165,1,865.13,1,1,5,7
"Sakura Harris",88,2,870.93,1,4,5,10
"Marco Weber",632,1,878.42,4,3,5,12
"Xiao Santos",130,1,879.9,1,1,5,7
"Jessica Russo",593,1,909.72,4,3,5,12
"Christopher Johansson",1084,1,914.43,5,4,5,14
"Sarah Patel",464,2,914.69,3,5,5,13
"Amir Laurent",761,1,917.09,4,3,5,12
"John Pereira",244,1,924.42,2,1,5,8
"Hans Sato",59,1,932.25,1,1,5,7
"Priya Sharma",255,1,938.81,2,1,5,8
"Isabella Nilsson",238,1,950.76,2,1,5,8
"Olga Russo",265,2,952.73,2,5,5,12
"Wei Harris",216,2,960.81,2,5,5,12
"Oscar Martinez",318,3,967.27,2,5,5,12
"Elizabeth Müller",2,1,969.81,1,1,5,7
"Karen Suzuki",106,3,972.28,1,5,5,11
"Christopher White",67,1,983.4,1,1,5,7
"William Ferrari",431,2,987.18,3,5,5,13
"Yuki Kumar",1063,1,989.39,5,4,5,14
"Richard Tanaka",478,2,990.69,3,5,5,13
"Raj Harris",268,2,993.37,2,5,5,12
"Kenji Anderson",602,1,993.9,4,3,5,12
"Christopher Davis",76,2,1016.59,1,4,5,10
"Raj Martinez",310,2,1030.05,2,5,5,12
"Ingrid Pereira",168,1,1044.2,2,1,5,8
"Felix Thomas",1092,1,1058.14,5,4,5,14
"Sarah Jackson",566,2,1085.95,4,5,5,14
"Omar Thompson",455,1,1093.11,3,2,5,10
"Christopher Leroy",515,2,1094.01,3,5,5,13
"Li Miller",406,2,1108.84,3,5,5,13
"Liam Davis",357,2,1109.04,3,5,5,13
"Raj Santos",505,1,1111.23,3,2,5,10
"Wei White",63,1,1118.04,1,1,5,7
"Isabella White",97,3,1121.62,1,5,5,11
"Ayumi Martinez",716,2,1131.45,4,5,5,14
"Zara Costa",1057,1,1142.37,5,4,5,14
"Amir Khan",651,2,1142.43,4,5,5,14
"Zara Williams",97,2,1158.5,1,4,5,10
"Emma Martin",226,1,1158.57,2,1,5,8
"Sakura Dubois",986,1,1159.91,5,4,5,14
"Priya Ferrari",352,2,1167.53,3,5,5,13
"Isabella Rossi",760,1,1168.55,4,3,5,12
"Sarah Khan",484,3,1176.28,3,5,5,13
"Nadia Tanaka",801,2,1176.52,4,5,5,14
"Lucas Sharma",1061,1,1178.95,5,4,5,14
"Liam Russo",374,1,1189.16,3,2,5,10
"James Williams",77,2,1194.1,1,4,5,10
"Marco Taylor",17,2,1195.11,1,4,5,10
"Ahmed Miller",990,1,1196.43,5,4,5,14
"Christopher Romano",38,1,1197.9,1,1,5,7
"Christopher Hassan",214,1,1202.53,2,1,5,8
"Omar Müller",897,1,1205.55,5,4,5,14
"James White",585,1,1233.43,4,3,5,12
"Pierre Fischer",68,4,1234.94,1,5,5,11
"Hanna Sharma",418,1,1236.1,3,2,5,10
"Karen Santos",344,1,1236.75,2,2,5,9
"Lucas Hassan",88,1,1267.83,1,1,5,7
"Jennifer Ali",690,1,1300.1,4,3,5,12
"Elizabeth Schmidt",68,2,1303.05,1,4,5,10
"Amir Brown",127,1,1319,1,1,5,7
"Ivan Li",724,2,1359.36,4,5,5,14
"Clara Miller",406,3,1362.28,3,5,5,13
"Hanna Yamamoto",821,1,1378.26,5,3,5,13
"David Fischer",236,1,1399.84,2,1,5,8
"Liam Ali",862,1,1410.66,5,3,5,13
"Ayumi Ahmed",964,1,1438.39,5,4,5,14
"Omar Williams",548,3,1446.12,3,5,5,13
"Hanna Johnson",791,1,1449.74,4,3,5,12
"Patricia Pereira",107,2,1451.69,1,4,5,10
"Amir Garcia",703,2,1469.12,4,5,5,14
"Chen Patel",24,5,1470.07,1,5,5,11
"Sophie Martinez",72,3,1500.83,1,5,5,11
"Amir Oliveira",1079,1,1501.15,5,4,5,14
"Lucas Kim",214,2,1513.43,2,5,5,12
"Ahmed Singh",565,3,1583.7,4,5,5,14
"Priya Smith",405,2,1588.92,3,5,5,13
"Elizabeth Leroy",387,1,1608.71,3,2,5,10
"David Garcia",531,1,1616.1,3,2,5,10
"Olga Schmidt",901,1,1637.23,5,4,5,14
"Ethan Sato",421,1,1645.59,3,2,5,10
"Kenji Robinson",945,1,1657.59,5,4,5,14
"Giulia Johansson",370,1,1667.44,3,2,5,10
"Ahmed Johansson",133,2,1670.1,1,4,5,10
"Ethan Park",935,1,1682.35,5,4,5,14
"Ava Fischer",129,3,1739.62,1,5,5,11
"Sakura Davis",212,2,1744.74,2,5,5,12
"Ahmed Garcia",923,2,1769.48,5,5,5,15
"Omar Schmidt",274,1,1780.56,2,2,5,9
"Carlos Ferrari",209,2,1786.34,2,5,5,12
"Lucas Chen",913,2,1789.77,5,5,5,15
"Fatima Li",96,2,1798.63,1,4,5,10
"Marco Sharma",556,2,1814.97,3,5,5,13
"Sakura Thomas",397,4,1835.02,3,5,5,13
"Fatima Singh",427,3,1896.67,3,5,5,13
"Ali Harris",160,2,1920.89,1,5,5,11
"Mary Yamamoto",31,1,1932.8,1,1,5,7
"Wei Li",256,4,2042.14,2,5,5,12
"Carlos Tanaka",172,1,2051.57,2,1,5,8
"Ivan Santos",197,1,2069.76,2,1,5,8
"Liam Clark",251,2,2076.53,2,5,5,12
"Olga Kim",231,2,2095.65,2,5,5,12
"Omar Nilsson",47,2,2138.87,1,4,5,10
"Noah Moreau",258,2,2141.76,2,5,5,12
"Hans Martinez",693,1,2264.35,4,3,5,12
"Joseph Weber",103,2,2287.28,1,4,5,10
"Jamal Hassan",231,1,2327.47,2,1,5,8
"James Ferrari",467,2,2424.87,3,5,5,13
"Clara Müller",379,1,2538.5,3,2,5,10
"Wei Jackson",61,1,2566.56,1,1,5,7
"Marco Santos",587,1,2620.28,4,3,5,12
"Ivan Jones",364,2,2647.41,3,5,5,13
"Layla Oliveira",815,1,2701.31,4,3,5,12
"Lucas Nilsson",190,2,2734.69,2,5,5,12
"Karen Sato",619,2,2738.18,4,5,5,14
"Linda Weber",448,1,2762.4,3,2,5,10
"Felix Thompson",1045,1,2835.36,5,4,5,14
"Priya Oliveira",542,1,2901.11,3,2,5,10
"Nadia Wang",257,3,2958.97,2,5,5,12
"Li Laurent",683,1,3007.62,4,3,5,12
"Sarah Chen",522,2,3184.56,3,5,5,13
"Hanna Jones",1015,1,3813.98,5,4,5,14
"Priya Jackson",854,2,3836.46,5,5,5,15
